[
    {
        "name": "Customer_Value",
        "level": "interval",
        "type": "decimal",
        "length": 8
    },
    {
        "name": "Age",
        "level": "interval",
        "type": "decimal",
        "length": 8
    },
    {
        "name": "Home_Flag",
        "level": "interval",
        "type": "decimal",
        "length": 8
    },
    {
        "name": "Homeval",
        "level": "interval",
        "type": "decimal",
        "length": 8
    },
    {
        "name": "Inc",
        "level": "interval",
        "type": "decimal",
        "length": 8
    },
    {
        "name": "Pr",
        "level": "interval",
        "type": "decimal",
        "length": 8
    },
    {
        "name": "Activity_Status",
        "level": "interval",
        "type": "decimal",
        "length": 8
    },
    {
        "name": "AvgSale3Yr",
        "level": "interval",
        "type": "decimal",
        "length": 8
    },
    {
        "name": "AvgSaleLife",
        "level": "interval",
        "type": "decimal",
        "length": 8
    },
    {
        "name": "AvgSale3Yr_DP",
        "level": "interval",
        "type": "decimal",
        "length": 8
    },
    {
        "name": "LastProdAmt",
        "level": "interval",
        "type": "decimal",
        "length": 8
    },
    {
        "name": "CntPur3Yr",
        "level": "interval",
        "type": "decimal",
        "length": 8
    },
    {
        "name": "CntPurLife",
        "level": "interval",
        "type": "decimal",
        "length": 8
    },
    {
        "name": "CntPur3Yr_DP",
        "level": "interval",
        "type": "decimal",
        "length": 8
    },
    {
        "name": "CntPurLife_DP",
        "level": "interval",
        "type": "decimal",
        "length": 8
    },
    {
        "name": "CntTotPromo",
        "level": "interval",
        "type": "decimal",
        "length": 8
    },
    {
        "name": "MnthsLastPur",
        "level": "interval",
        "type": "decimal",
        "length": 8
    },
    {
        "name": "Cnt1Yr_DP",
        "level": "interval",
        "type": "decimal",
        "length": 8
    },
    {
        "name": "CustTenure",
        "level": "interval",
        "type": "decimal",
        "length": 8
    }
]