{
    "name": "Scikit-LearnGradientBoost_ssayjc",
    "description": "Scikit-learn GradientBoostingClassifier for Bank Campaign",
    "scoreCodeType": "python",
    "trainTable": "",
    "trainCodeType": "Python",
    "algorithm": "scikit-learn.GradientBoostingClassifier",
    "function": "classification",
    "targetVariable": "Status",
    "targetEvent": "1",
    "targetLevel": "Binary",
    "eventProbVar": "P_1",
    "modeler": "Thierry Jossermoz",
    "tool": "Python 3",
    "toolVersion": "3.11.9",
    "properties": []
}